By Category (ADS-SPO),(Sin categoría),,,
By Category (ADS-SPO),0 - CONTENIDO DE ESTA BD,Plantilles documents,,
By Category (ADS-SPO),00 - Procediments generals,Procediments,,
By Category (ADS-SPO),Acces a instal·lacions,Accés a instal·lacions,,
By Category (ADS-SPO),Active Directory,Active Directory,,
By Category (ADS-SPO),Adquira,,obsolet,
By Category (ADS-SPO),ADS General,ADS,.,
By Category (ADS-SPO),AIX,AIX,.,
By Category (ADS-SPO),Antivirus,Antivirus,.,
By Category (ADS-SPO),Apache,Apache,.,
By Category (ADS-SPO),Aplicacio Fama,Fama,.,
By Category (ADS-SPO),Assessor altes (notes),,obsolet,
By Category (ADS-SPO),Assistencia en Vacances,,obsolet,
By Category (ADS-SPO),Assistencia General,,obsolet,
By Category (ADS-SPO),Atenció Immediata,Atenció Usuaris,.,
By Category (ADS-SPO),Atenea 1x1,Atenea 1x1,.,
By Category (ADS-SPO),Atenea Externs,Atenea Externs,.,
By Category (ADS-SPO),Atenea Labs,Atenea Labs,.,
By Category (ADS-SPO),Atenea,Atenea,.,
By Category (ADS-SPO),ATIC - Contact Center HERMES,ATIC - Contact Center HERMES,.,Eva 
By Category (ADS-SPO),Aturada CPD,Aturada CPD,.,
By Category (ADS-SPO),Avaries i consultes,Avaries i consultes,.,
By Category (ADS-SPO),AWS Amazon,AWS Amazon,.,
By Category (ADS-SPO),Backups,Backups,.,
By Category (ADS-SPO),Balancejadors F5 - UPC,Balancejadors F5 - UPC,.,
By Category (ADS-SPO),Better Performance,Better Performance,.,
By Category (ADS-SPO),Bingo UPCnet,Bingo UPCnet,.,
By Category (ADS-SPO),Blackberry,Blackberry,.,
By Category (ADS-SPO),Campus Digital,Campus Digital,.,
By Category (ADS-SPO),CAS,CAS - Central authentication service,.,
By Category (ADS-SPO),Ccewin-Ccesun,Ccewin-Ccesun,.,
By Category (ADS-SPO),Cercadors,Certificats,.,
By Category (ADS-SPO),Certificados SSL,Certificats,.,
By Category (ADS-SPO),CLOUD Privat UPC,Cloud privat upc,.,
By Category (ADS-SPO),Cluster DN,Cluster DN,.,
By Category (ADS-SPO),Consoles,Consoles,.,
By Category (ADS-SPO),Contingencia de CMDB Intranet Kbtic Keepass i Directori UPC,Contingencia de CMDB Intranet Kbtic Keepass i Directori UPC,.,
By Category (ADS-SPO),Correo electrónico - Majordomo,,obsolet,
By Category (ADS-SPO),Correo electrónico - PL,Correu Electrònic - PL,.,
By Category (ADS-SPO),Correo electrónico - Relay CSPT,Correu Electrònic - Relay CSPT,.,
By Category (ADS-SPO),Correo electrónico - Relay,Correu Electrònic - Relays,.,
By Category (ADS-SPO),Correo electrónico - Sympa,Correu Electrònic - Sympa,.,
By Category (ADS-SPO),Correo,Correu Electrònic,.,
By Category (ADS-SPO),Correu Electrònic - Domino,Correu Electrònic - Domino,.,
By Category (ADS-SPO),Correu Electrònic - Google,Correu Electrònic,.,
By Category (ADS-SPO),CPD,CPD,.,
By Category (ADS-SPO),Denyhosts,ADS,.,
By Category (ADS-SPO),DNS,DNS,.,
By Category (ADS-SPO),Doc6,,obsolet,
By Category (ADS-SPO),Documentació,,només esborrar categoria,
By Category (ADS-SPO),Documentación,,només esborrar categoria,
By Category (ADS-SPO),Dominios Windows,,obsolet,
By Category (ADS-SPO),Domino,Lotus Domino Notes,.,
By Category (ADS-SPO),Drac,Drac,.,
By Category (ADS-SPO),E-ADMINISTRACIO,E-ADMINISTRACIO,.,
By Category (ADS-SPO),e-Connect CTM,e-Connect CTM,.,
By Category (ADS-SPO),e-Connect Govern Andorra,e-Connect Govern Andorra,.,
By Category (ADS-SPO),e-Connect OSIFE,e-Connect OSIFE,.,
By Category (ADS-SPO),e-Connect SIPCAT.EDU,e-Connect SIPCAT.EDU,.,
By Category (ADS-SPO),e-Connect TDA,e-Connect TDA,.,
By Category (ADS-SPO),e-Connect Tecnocampus Mataró-Maresme,e-Connect Tecnocampus Mataró-Maresme,.,
By Category (ADS-SPO),e-Connect UOC,e-Connect UOC,.,
By Category (ADS-SPO),e-Connect UPF,e-Connect UPF,.,
By Category (ADS-SPO),e-Desk Conferències web,e-Desk Conferències web,.,
By Category (ADS-SPO),E-SECRETARIA,E-SECRETARIA,.,
By Category (ADS-SPO),EDUROAM (WEB),EDUROAM (WEB),.,
By Category (ADS-SPO),Eines Gestió Xarxes,Eines Gestió Xarxes,.,
By Category (ADS-SPO),EMC,EMC,.,
By Category (ADS-SPO),EN CONSTRUCCIO,,"eliminar, ja no hi ha documents",
By Category (ADS-SPO),Express 5800,Express 5800,.,
By Category (ADS-SPO),Fama,Fama,.,
By Category (ADS-SPO),FDA,FDA,.,
By Category (ADS-SPO),Firewalls,Firewalls,.,
By Category (ADS-SPO),FRIDA,,obsolet,
By Category (ADS-SPO),FTP,FTP,.,
By Category (ADS-SPO),gCon,gCON,.,
By Category (ADS-SPO),Gemalto,GI - Gestió de la Identitat,.,
By Category (ADS-SPO),GENWEB UPC,GenWeb,.,
By Category (ADS-SPO),Genweb,GenWeb,.,
By Category (ADS-SPO),GesConsultor,Seguretat,.,
By Category (ADS-SPO),GESPROTOCOL,GESPROTOCOL,.,
By Category (ADS-SPO),Gestor d'ample de banda,Gestor d'ample de banda,.,
By Category (ADS-SPO),GestorServeis,Gestor de serveis,.,
By Category (ADS-SPO),GET - Gestió d'Estacions de Treball,GET - Gestió d'Estacions de Treball,.,
By Category (ADS-SPO),Google Appliance,Google Apps,.,
By Category (ADS-SPO),Google Apps,Google Apps,.,
By Category (ADS-SPO),GTPAE,,obsolet,
By Category (ADS-SPO),Hosting ftp,,obsolet,
By Category (ADS-SPO),Hosting web,Hosting Web,.,
By Category (ADS-SPO),Housing,Housing,.,
By Category (ADS-SPO),HOW-TO,HOW-TO,.,
By Category (ADS-SPO),HR-ACCES,HR-Access,.,
By Category (ADS-SPO),HTTP,Apache,.,
By Category (ADS-SPO),IdP UPC,IdP UPC,.,
By Category (ADS-SPO),IIEDG,,obsolet,
By Category (ADS-SPO),IIS,IIS,.,
By Category (ADS-SPO),IMAP,,"eliminar, ja no hi ha documents",
By Category (ADS-SPO),Incidentes Lotus,Incidentes Lotus,.,
By Category (ADS-SPO),Incidents Trendmicro,,"eliminar, ja no hi ha documents",
By Category (ADS-SPO),Indicadors C.Marc,,"eliminar, ja no hi ha documents",
By Category (ADS-SPO),Indicadors,Indicadors,.,
By Category (ADS-SPO),Informació,Informació general,,
By Category (ADS-SPO),IRT,IRT,.,
By Category (ADS-SPO),Itanium,,"eliminar, ja no hi ha documents",
By Category (ADS-SPO),Jabber,Jabber,.,
By Category (ADS-SPO),LDAP,LDAP,.,
By Category (ADS-SPO),Licencias Flotantes,Distribució de Software,.,
By Category (ADS-SPO),LINENGINE,,obsolet,
By Category (ADS-SPO),Linux,Linux,.,
By Category (ADS-SPO),Lotus Domino,Lotus Domino Notes,.,
By Category (ADS-SPO),LSC,LSC,.,
By Category (ADS-SPO),Manteniment,Manteniment,.,
By Category (ADS-SPO),Manual SAI Evolution 2200,,obsolet,
By Category (ADS-SPO),Manuals,,només esborrar categoria,
By Category (ADS-SPO),MAX,MAX,.,
By Category (ADS-SPO),Monitoritzacio Liceu,,obsolet,
By Category (ADS-SPO),Monitoritzacio,Monitoritzacio,.,
By Category (ADS-SPO),Monitorització FPC,Monitorització,.,
By Category (ADS-SPO),Monitorització Postgres,Monitorització,.,
By Category (ADS-SPO),Monitorització Qualitat de Serveis,Monitorització Qualitat de Serveis,.,
By Category (ADS-SPO),Monitorización,Monitorització,.,
By Category (ADS-SPO),MOOC,MOOC,.,
By Category (ADS-SPO),Moodle,Moodle,.,
By Category (ADS-SPO),Morfeo,,obsolet,
By Category (ADS-SPO),MSDN Academic Alliance,Distribució de Software,.,
By Category (ADS-SPO),MSF WEB,,obsolet,
By Category (ADS-SPO),MySQL,MySQL,.,
By Category (ADS-SPO),News,,obsolet,
By Category (ADS-SPO),Nginx,,només esborrar categoria,
By Category (ADS-SPO),OAUTH,OAUTH,.,
By Category (ADS-SPO),OBSOLET,,obsolet,
By Category (ADS-SPO),Openldap,OpenLDAP,.,
By Category (ADS-SPO),Oracle,Oracle,.,
By Category (ADS-SPO),PAB-EST,PAB-EST,.,
By Category (ADS-SPO),PHP,PHP,.,
By Category (ADS-SPO),Plone,Plone,.,
By Category (ADS-SPO),PostgreSQL,PostgreSQL,.,
By Category (ADS-SPO),PRISMA,PRISMA,.,
By Category (ADS-SPO),Procediments,,només esborrar categoria,
By Category (ADS-SPO),Protocol Alta Infraestructura,,obsolet,
By Category (ADS-SPO),Proxy,,obsolet,
By Category (ADS-SPO),Puppet,Puppet,.,
By Category (ADS-SPO),Quantech,,obsolet,
By Category (ADS-SPO),RADIUS,RADIUS,.,
By Category (ADS-SPO),Red Hat,Red Hat,.,
By Category (ADS-SPO),Repositori UPCXXI,Repositori UPC,.,
By Category (ADS-SPO),Repositorio de ficheros PL,,obsolet,
By Category (ADS-SPO),Revisions Mèdiques,Revisions Mèdiques,.,
By Category (ADS-SPO),RIMSKY,RIMSKY,.,
By Category (ADS-SPO),SADT,,obsolet,
By Category (ADS-SPO),SAI,SAI,.,
By Category (ADS-SPO),SAN EMC CX3-40f,SAN,.,
By Category (ADS-SPO),SAN,SAN,.,
By Category (ADS-SPO),SAP Renove,SAP,.,
By Category (ADS-SPO),SAP,SAP,.,
By Category (ADS-SPO),Seguretat,Seguretat,.,
By Category (ADS-SPO),Servei Monitoritzacio,Servei Monitoritzacio,.,
By Category (ADS-SPO),Servei NAT i VPNSSL (UPClink),UPClink,.,
By Category (ADS-SPO),Serveis de hosting,,obsolet,
By Category (ADS-SPO),Servidors de consoles,,obsolet,
By Category (ADS-SPO),Servidors,,només esborrar categoria,
By Category (ADS-SPO),SMS,SMS,.,
By Category (ADS-SPO),Solaris,Solaris,.,
By Category (ADS-SPO),sqlserver,SQL Server,.,
By Category (ADS-SPO),Ssh,SSH,.,
By Category (ADS-SPO),STE (Suport Tècnic Estiu),STE (Suport Tècnic Estiu),.,
By Category (ADS-SPO),Supernet,Ts,.,
By Category (ADS-SPO),Tallafocs Gestionats,Tallafocs Gestionats,.,
By Category (ADS-SPO),Tasques ADS,Tasques ADS,.,
By Category (ADS-SPO),Taula Màgica,Taula Màgica,.,
By Category (ADS-SPO),Telefonia IP,Telefonia SIP,.,
By Category (ADS-SPO),Telefonia mòbil,Telefonia mòbil,.,
By Category (ADS-SPO),Telefonia SIP - Contact Center HERMES.NET,Contact Center HERMES.NET,.,
By Category (ADS-SPO),Telefonia SIP,Telefonia SIP,.,
By Category (ADS-SPO),Telefonia,Telefonia,.,
By Category (ADS-SPO),Terminal Server Licensing,Ts,.,
By Category (ADS-SPO),Tomcat,Tomcat,.,
By Category (ADS-SPO),UPCconnect GUNI,UPCconnect,.,
By Category (ADS-SPO),UPCconnect,UPCconnect,.,
By Category (ADS-SPO),VMware,VMware,.,
By Category (ADS-SPO),VPN - UPC,UPClink,.,
By Category (ADS-SPO),VPN - Z2,,obsolet,
By Category (ADS-SPO),Web Departamental - Bramante,,obsolet,
By Category (ADS-SPO),Web Edicions UPC,,obsolet,
By Category (ADS-SPO),Web UPC,Web UPC,.,
By Category (ADS-SPO),Web UPCnet antiga,,obsolet,
By Category (ADS-SPO),Web,,obsolet,
By Category (ADS-SPO),Windows 7,GET - Gestió d'Estacions de Treball,.,
By Category (ADS-SPO),Windows NT,,obsolet,
By Category (ADS-SPO),Windows,Windows,.,
By Category (ADS-SPO),WIRIS WEB,,obsolet,
By Category (ADS-SPO),Xarxa KIC-Innoenergy,Xarxa KIC-Innoenergy,.,
By Category (ADS-SPO),Xarxa Sense Fils DIBA,XSF DIBA,.,
By Category (ADS-SPO),Xarxa Sense Fils UPC v.2.0,XSF UPC v2.0,.,
By Category (ADS-SPO),Xarxa Troncal,Xarxa Troncal,.,
By Category (ADS-SPO),Xarxes LAN,Xarxes LAN,.,
By Category (ADS-SPO),ZZ - Procediments Aturada CPD,,obsolet,
By Category (ADS-SPO),ZZZ - Esborrar al 2011,,obsolet,
by Category (KBTIC-RIN),(Sin categoría),,,
by Category (KBTIC-RIN),0 - CONTENIDO DE ESTA BD,Plantilles documents,,
by Category (KBTIC-RIN),01 - UTILIDADES,,obsolet,
by Category (KBTIC-RIN),Active Directory,Active Directory,,
by Category (KBTIC-RIN),Actualització de continguts en el Web UPC,Actualització de continguts en el Web UPC,,
by Category (KBTIC-RIN),ACUP - Doc6,,obsolet,
by Category (KBTIC-RIN),Address Book - PAB,Address Book - PAB Notes,,
by Category (KBTIC-RIN),Adminpack,Adminpack,,
by Category (KBTIC-RIN),Adquira,,obsolet,
by Category (KBTIC-RIN),Altes Estudiants,,obsolet,
by Category (KBTIC-RIN),Alumni UPC,Alumni UPC,.,
by Category (KBTIC-RIN),Amics,,obsolet,
by Category (KBTIC-RIN),Antivirus,Antivirus,.,
by Category (KBTIC-RIN),Aparador,,obsolet,
by Category (KBTIC-RIN),APS,,obsolet,
by Category (KBTIC-RIN),ARA,,obsolet,
by Category (KBTIC-RIN),Archibus,Archibus,.,
by Category (KBTIC-RIN),ARI,ARI,.,
by Category (KBTIC-RIN),Atenció Immediata,Atenció Usuaris,.,
by Category (KBTIC-RIN),Atenció telefònica Centraleta UPCnet,Atenció Usuaris,.,
by Category (KBTIC-RIN),Atenció Usuaris,Atenció Usuaris,.,
by Category (KBTIC-RIN),Atenea,Atenea,.,
by Category (KBTIC-RIN),Backoffice,,obsolet,
by Category (KBTIC-RIN),Backups,Backups,.,
by Category (KBTIC-RIN),Bases de dades bibliogràfiques,,obsolet,
by Category (KBTIC-RIN),Bi,Bi,.,
by Category (KBTIC-RIN),Bibliotècnica,Bibliotècnica,.,
by Category (KBTIC-RIN),Bizagi,,obsolet,
by Category (KBTIC-RIN),Blackberry Enterprise Server,Blackberry,.,
by Category (KBTIC-RIN),Boyce,,obsolet,
by Category (KBTIC-RIN),Cacti,Cacti,.,
by Category (KBTIC-RIN),Campus Digital - Atenea Mobil,Campus Digital - Atenea Mobil,.,
by Category (KBTIC-RIN),Campus Digital - Atenea1x1,Campus Digital - Atenea1x1,.,
by Category (KBTIC-RIN),Campus Digital - AteneaSaurus,Campus Digital - AteneaSaurus,.,
by Category (KBTIC-RIN),Campus Digital - Externs,Campus Digital - Externs,.,
by Category (KBTIC-RIN),Campus Digital - Moodle,Campus Digital - Moodle,.,
by Category (KBTIC-RIN),Campus Digital - OFA/SDP,Campus Digital - OFA/SDP,.,
by Category (KBTIC-RIN),Campus Digital,Campus Digital,.,
by Category (KBTIC-RIN),Canal UPC TV,Canal UPC TV,.,
by Category (KBTIC-RIN),Canvis de contrasenya,Canvis de contrasenya,.,
by Category (KBTIC-RIN),Carnet UPC,Carnet UPC,.,
by Category (KBTIC-RIN),Carrega Estudiants al PAB EST-UPC,Carrega Estudiants al PAB EST-UPC,.,
by Category (KBTIC-RIN),CAS - Central authentication service,CAS - Central authentication service,.,
by Category (KBTIC-RIN),Catàleg de les biblioteques de la UPC,,obsolet,
by Category (KBTIC-RIN),CBL,CBL,.,
by Category (KBTIC-RIN),CCE Renove,CCE,.,
by Category (KBTIC-RIN),CCE,CCE,.,
by Category (KBTIC-RIN),Cerca d'adreces de correu en webs vulnerables a l'spam,,obsolet,
by Category (KBTIC-RIN),Cercador UPC,,obsolet,
by Category (KBTIC-RIN),Certificat digital,Certificats,.,
by Category (KBTIC-RIN),Certificats arrels webs UPC / UPCnet,Certificats,.,
by Category (KBTIC-RIN),Certificats,Certificats,.,
by Category (KBTIC-RIN),Circinus,Circinus,.,
by Category (KBTIC-RIN),Clients Externs UPCnet,Clients Externs UPCnet,.,"Eva, són campus... els podem canviar de categoria?"
by Category (KBTIC-RIN),CLOUD Privat UPC,Cloud privat upc,.,
by Category (KBTIC-RIN),Cluster DN,Cluster DN,.,
by Category (KBTIC-RIN),CMSW,CMSW,.,
by Category (KBTIC-RIN),Col·laboratoris,Col·laboratoris,.,
by Category (KBTIC-RIN),Connexió Remota VNC,Connexió Remota VNC,.,
by Category (KBTIC-RIN),Consoles,Consoles,.,
by Category (KBTIC-RIN),Consulta web administradors del Servei d'Economia de SAP,Consulta web administradors del Servei d'Economia de SAP,.,
by Category (KBTIC-RIN),Consultoria Ofimàtica,Consultoria Ofimàtica,.,
by Category (KBTIC-RIN),Contingencia de CMDB Intranet Kbtic Keepass i Directori UPC,Contingencia de CMDB Intranet Kbtic Keepass i Directori UPC,.,
by Category (KBTIC-RIN),Contrasenyes,Contrasenyes,.,
by Category (KBTIC-RIN),Correu Electrònic - Domino,Correu Electrònic - Domino,.,
by Category (KBTIC-RIN),Correu Electrònic - IIS,Correu Electrònic,.,
by Category (KBTIC-RIN),Correu Electrònic - Nous Relays,Correu Electrònic - Relays,.,
by Category (KBTIC-RIN),Correu Electrònic - PL,Correu Electrònic - PL,.,
by Category (KBTIC-RIN),Correu Electrònic - Relay CSPT,Correu Electrònic - Relay CSPT,.,
by Category (KBTIC-RIN),Correu Electrònic - Relays,Correu Electrònic - Relays,.,
by Category (KBTIC-RIN),Correu Electrònic - SOGo,Correu Electrònic - PL,.,
by Category (KBTIC-RIN),Correu Electrònic - Zimbra,Correu Electrònic - PL,.,
by Category (KBTIC-RIN),Correu electrònic,Correu Electrònic,.,
by Category (KBTIC-RIN),Correu K2,Correu Electrònic - PL,.,
by Category (KBTIC-RIN),CostosABC,CostosABC,.,
by Category (KBTIC-RIN),CPD,CPD,.,
by Category (KBTIC-RIN),CSPT,CSPT,.,
by Category (KBTIC-RIN),CTT,CTT,.,
by Category (KBTIC-RIN),Directori UPC,GI - Gestor d'Identitat,.,
by Category (KBTIC-RIN),Distribució de Software,Distribució de Software,.,
by Category (KBTIC-RIN),DNS,DNS,.,
by Category (KBTIC-RIN),Documentació de referència,,només esborrar categoria,
by Category (KBTIC-RIN),Documentació,,només esborrar categoria,
by Category (KBTIC-RIN),DOCUMENTUM,DOCUMENTUM,.,
by Category (KBTIC-RIN),Domini UPCXXI,Domini UPCXXI,.,
by Category (KBTIC-RIN),Domino,Lotus Domino Notes,.,
by Category (KBTIC-RIN),Dotproject,,obsolet,
by Category (KBTIC-RIN),Drac,Drac,.,
by Category (KBTIC-RIN),Drac-UIC,Drac-UIC,.,
by Category (KBTIC-RIN),e-Desk Conferències web,e-Desk Conferències web,.,
by Category (KBTIC-RIN),e-enquestes,e-enquestes,.,
by Category (KBTIC-RIN),eAdministració,eAdministració,.,
by Category (KBTIC-RIN),Enquestes satisfacció ATIC,Enquestes satisfacció ATIC,.,
by Category (KBTIC-RIN),Entitat de Registre,Entitat de Registre,.,
by Category (KBTIC-RIN),Envío de mensajes vía SMS,SMS,.,
by Category (KBTIC-RIN),EPI,EPI,.,
by Category (KBTIC-RIN),Equip de Comunicació,Equip de Comunicació,"eliminar, ja no hi ha documents",
by Category (KBTIC-RIN),ESRI,ESRI,"eliminar, ja no hi ha documents",
by Category (KBTIC-RIN),estadistiques,estadistiques,"eliminar, ja no hi ha documents",
by Category (KBTIC-RIN),Etiquetatge,Etiquetatge,.,
by Category (KBTIC-RIN),ETPL,ETPL,.,
by Category (KBTIC-RIN),Evalwin,,obsolet,
by Category (KBTIC-RIN),FACIL,FACIL,.,
by Category (KBTIC-RIN),FAMA,Fama,.,
by Category (KBTIC-RIN),FENIX,FENIX,.,
by Category (KBTIC-RIN),Firewalls,Firewalls,.,
by Category (KBTIC-RIN),Fo - Instalacions,Fo - Instalacions,.,
by Category (KBTIC-RIN),FTP,FTP,.,
by Category (KBTIC-RIN),Gallery,,obsolet,
by Category (KBTIC-RIN),GARTNER,Gartner,.,
by Category (KBTIC-RIN),gAUSS,GI - Gestió de la Identitat,.,
by Category (KBTIC-RIN),GCarnet,GI - Gestió de la Identitat,.,
by Category (KBTIC-RIN),gCFG,gCFG,.,
by Category (KBTIC-RIN),gCON,gCON,.,
by Category (KBTIC-RIN),gCOT,gCOT,.,
by Category (KBTIC-RIN),Generació de Certificats especials,Certificats,.,
by Category (KBTIC-RIN),GenGrups,GenGrups,.,
by Category (KBTIC-RIN),GenWeb,GenWeb,.,
by Category (KBTIC-RIN),GESprotocol,GESPROTOCOL,.,
by Category (KBTIC-RIN),Gestionados,Firewalls,.,
by Category (KBTIC-RIN),Gestió d'eleccions,Gestió d'eleccions,.,
by Category (KBTIC-RIN),Gestió de garanties,Gestió de garanties,.,
by Category (KBTIC-RIN),Gestió del Temps,Gestió del Temps,.,
by Category (KBTIC-RIN),Gestió Econòmica,Gestió Econòmica,.,
by Category (KBTIC-RIN),Gestor d'ample de banda,Gestor d'ample de banda,.,
by Category (KBTIC-RIN),Gestor de serveis,Gestor de serveis,.,
by Category (KBTIC-RIN),GI - Gestor d'Identitat,GI - Gestió de la Identitat,.,
by Category (KBTIC-RIN),GMail,Correu Electrònic - Google,.,
by Category (KBTIC-RIN),Google Apps,Google Apps,.,
by Category (KBTIC-RIN),Google,Correu Electrònic - Google,.,
by Category (KBTIC-RIN),granola,,obsolet,
by Category (KBTIC-RIN),GRED,gRED,.,
by Category (KBTIC-RIN),GRED-UNED,,obsolet,
by Category (KBTIC-RIN),gSMS,gSMS,.,
by Category (KBTIC-RIN),Hosting SBIB,,obsolet,
by Category (KBTIC-RIN),Hosting Web,Hosting Web,.,
by Category (KBTIC-RIN),Hosting,Hosting,.,
by Category (KBTIC-RIN),HR-Access,HR-Access,.,
by Category (KBTIC-RIN),HTC P3600,,obsolet,
by Category (KBTIC-RIN),Identitat Digital,GI - Gestió de la Identitat,.,
by Category (KBTIC-RIN),Identity Manager,Identity Manager,.,
by Category (KBTIC-RIN),IdP UPC,IdP UPC,.,
by Category (KBTIC-RIN),IMPRESORAS,IMPRESORAS,.,
by Category (KBTIC-RIN),Indicadors,Indicadors,.,
by Category (KBTIC-RIN),InfoATIC,,"eliminar, ja no hi ha documents",
by Category (KBTIC-RIN),Informació de referència,Informació general,.,
by Category (KBTIC-RIN),Informació general,Informació general,.,
by Category (KBTIC-RIN),Infraestructura,Infraestructura,"eliminar, ja no hi ha documents",
by Category (KBTIC-RIN),Interlocució,Informació general,.,
by Category (KBTIC-RIN),Intranet UPCnet,Intranet UPCnet,.,
by Category (KBTIC-RIN),Intranet,Intranet,.,
by Category (KBTIC-RIN),Inventari,Inventari,.,
by Category (KBTIC-RIN),ISO27100,ISO27100,.,
by Category (KBTIC-RIN),K2 estudiants,Correu Electrònic - PL,.,
by Category (KBTIC-RIN),K2 externs,Correu Electrònic - PL,.,
by Category (KBTIC-RIN),K2 UPCnet,Correu Electrònic - PL,.,
by Category (KBTIC-RIN),KATA,,obsolet,
by Category (KBTIC-RIN),LDAP UPC,LDAP,.,
by Category (KBTIC-RIN),LDAP,LDAP,.,
by Category (KBTIC-RIN),LDAP: OpenLdap,LDAP,.,
by Category (KBTIC-RIN),Liceu,,obsolet,
by Category (KBTIC-RIN),Linux,Linux,.,
by Category (KBTIC-RIN),Llicencies,Distribució de Software,.,
by Category (KBTIC-RIN),Llistes de Distribució,Llistes de Distribució,.,
by Category (KBTIC-RIN),LOCALES,,només esborrar categoria,
by Category (KBTIC-RIN),LOPD,,només esborrar categoria,
by Category (KBTIC-RIN),LSI,LSI,.,
by Category (KBTIC-RIN),LVM,OEM Cloud Control,.,
by Category (KBTIC-RIN),Mailman,,obsolet,
by Category (KBTIC-RIN),Majordomo,,obsolet,
by Category (KBTIC-RIN),Manteniment,Manteniment,.,
by Category (KBTIC-RIN),Mapa,Mapes entorns,.,
by Category (KBTIC-RIN),Matricula,Matricula,.,
by Category (KBTIC-RIN),MATUPC,,obsolet,
by Category (KBTIC-RIN),McAfee,McAfee,.,
by Category (KBTIC-RIN),monCCD,monCCD,.,
by Category (KBTIC-RIN),Monitorització,Monitorització,.,
by Category (KBTIC-RIN),Monitorización,Monitorització,.,
by Category (KBTIC-RIN),MOOC,MOOC,.,
by Category (KBTIC-RIN),Moodle,Moodle,.,
by Category (KBTIC-RIN),MSDNAA de la UPC,Distribució de Software,.,
by Category (KBTIC-RIN),MSF,,obsolet,
by Category (KBTIC-RIN),Murzim,,obsolet,
by Category (KBTIC-RIN),MySQL,MySQL,.,
by Category (KBTIC-RIN),Nagios,Nagios,.,
by Category (KBTIC-RIN),Navision,Navision,.,
by Category (KBTIC-RIN),Notes,Lotus Domino Notes,.,
by Category (KBTIC-RIN),NTP,NTP,.,
by Category (KBTIC-RIN),OAUTH,OAUTH,.,
by Category (KBTIC-RIN),OBSOLET,,obsolet,
by Category (KBTIC-RIN),OEM Cloud Control,OEM Cloud Control,.,
by Category (KBTIC-RIN),Office,,obsolet,
by Category (KBTIC-RIN),Oracle RAC,Oracle,.,
by Category (KBTIC-RIN),Oracle,Oracle,.,
by Category (KBTIC-RIN),Parada total CPD,Parada total CPD,.,
by Category (KBTIC-RIN),Parxeig,Reparacions i Petites Ampliacions de Cablat,.,
by Category (KBTIC-RIN),PHP,PHP,.,
by Category (KBTIC-RIN),Pidgin,Pidgin,.,
by Category (KBTIC-RIN),Plafo de Serveis,Plafo de Serveis,.,
by Category (KBTIC-RIN),PLONE,Plone,.,
by Category (KBTIC-RIN),POSTGRESQL,PostgreSQL,.,
by Category (KBTIC-RIN),Practicum,,obsolet,
by Category (KBTIC-RIN),Prestecs,,obsolet,
by Category (KBTIC-RIN),Presència,Presència UPCnet,.,
by Category (KBTIC-RIN),Prisma Renove,PRISMA,.,
by Category (KBTIC-RIN),Prisma,PRISMA,.,
by Category (KBTIC-RIN),Procediments d'Operació,,només esborrar categoria,
by Category (KBTIC-RIN),Progeny,,només esborrar categoria,
by Category (KBTIC-RIN),Projecte Davyd - Sala Juntes Master's,,obsolet,
by Category (KBTIC-RIN),Proxy,,obsolet,
by Category (KBTIC-RIN),Puppet,Puppet,.,
by Category (KBTIC-RIN),Pàgines web personals,,obsolet,
by Category (KBTIC-RIN),Radioenllaços,,obsolet,
by Category (KBTIC-RIN),RADIUS,RADIUS,.,
by Category (KBTIC-RIN),Recuperaciones,Backups,.,
by Category (KBTIC-RIN),Red Hat,Red Hat,.,
by Category (KBTIC-RIN),Redes administradas por UPCnet,Xarxes LAN,.,
by Category (KBTIC-RIN),Rem,,obsolet,
by Category (KBTIC-RIN),Reparacions i Petites Ampliacions de Cablat,Reparacions i Petites Ampliacions de Cablat,.,
by Category (KBTIC-RIN),Repositori PL UPCnet,Repositori PL UPCnet,.,
by Category (KBTIC-RIN),Repositori UPC,Repositori UPC,.,
by Category (KBTIC-RIN),Resolució d'incidències,,només esborrar categoria,
by Category (KBTIC-RIN),Reus Educat,,obsolet,
by Category (KBTIC-RIN),Revisat,,obsolet,
by Category (KBTIC-RIN),Revisions Mèdiques,Revisions Mèdiques,.,
by Category (KBTIC-RIN),Revisió Tiquets,Atenció Usuaris,.,
by Category (KBTIC-RIN),SAI: Servei d'Accés a Internet,,obsolet,
by Category (KBTIC-RIN),SAN,SAN,.,
by Category (KBTIC-RIN),SAP Renove,SAP,.,
by Category (KBTIC-RIN),SAP,SAP,.,
by Category (KBTIC-RIN),Seguretat,Seguretat,.,
by Category (KBTIC-RIN),Servei de Correcció Òptica d'Exàmens de l'ICE,Correcció Òptica d'Exàmens de l'ICE,.,
by Category (KBTIC-RIN),Servei de Difusio de la Informacio del Servei De Personal,,obsolet,
by Category (KBTIC-RIN),Servei de Difusió d'Informació del Servei de Prevenció de Riscos Laborals,,obsolet,
by Category (KBTIC-RIN),Servidor TV per a la UPC,Canal UPC TV,.,
by Category (KBTIC-RIN),Servidors llicències,Distribució de Software,.,
by Category (KBTIC-RIN),Servidors,,només esborrar categoria,
by Category (KBTIC-RIN),SIGMA,,obsolet,
by Category (KBTIC-RIN),SIGVI,Seguretat,.,
by Category (KBTIC-RIN),Sirena,Sirena,.,
by Category (KBTIC-RIN),SMS,,obsolet,
by Category (KBTIC-RIN),SOA,SOA,.,
by Category (KBTIC-RIN),SPA,SPA,.,
by Category (KBTIC-RIN),SQLserver,SQL Server,.,
by Category (KBTIC-RIN),SSL,SSL,.,
by Category (KBTIC-RIN),Subministraments,Subministraments,.,
by Category (KBTIC-RIN),Subversion,Subversion,.,
by Category (KBTIC-RIN),Suport de 2n nivell,Atenció Usuaris,.,
by Category (KBTIC-RIN),Suport Tecnic Especialitzat,,obsolet,
by Category (KBTIC-RIN),Suversion,,obsolet,
by Category (KBTIC-RIN),Sympa,Llistes de Distribució,.,
by Category (KBTIC-RIN),Tarifes-Costos Directes,Tarifes,.,
by Category (KBTIC-RIN),Tarifes-Simulador de costos,Tarifes,.,
by Category (KBTIC-RIN),Tasques Setmanals,,obsolet,
by Category (KBTIC-RIN),Telefonia SIP - Contact Center HERMES.NET,Contact Center HERMES.NET,.,
by Category (KBTIC-RIN),Telefonia,Telefonia,.,
by Category (KBTIC-RIN),Teletreball,Teletreball,.,
by Category (KBTIC-RIN),Televot,gPEU,.,
by Category (KBTIC-RIN),Terminal Server,Ts,.,
by Category (KBTIC-RIN),TOAD for Oracle,,obsolet,
by Category (KBTIC-RIN),TOF,Títols Oficials,.,
by Category (KBTIC-RIN),Tomcat,Tomcat,.,
by Category (KBTIC-RIN),TOTQ,TOTQ,.,
by Category (KBTIC-RIN),Trac,Gestor de serveis,.,
by Category (KBTIC-RIN),Traveler,Traveler,.,
by Category (KBTIC-RIN),Tripwire,Tripwire,.,
by Category (KBTIC-RIN),Ts,Ts,.,
by Category (KBTIC-RIN),Ubuntu,Ubuntu,.,
by Category (KBTIC-RIN),Univers,,obsolet,
by Category (KBTIC-RIN),Univers.Carnets,,obsolet,
by Category (KBTIC-RIN),UPCconnect,UPCconnect,.,
by Category (KBTIC-RIN),UPClink,UPClink,.,
by Category (KBTIC-RIN),videoconferencia,,obsolet,
by Category (KBTIC-RIN),Vilaix,Vilaix,.,
by Category (KBTIC-RIN),VPN - UPCNET,,obsolet,
by Category (KBTIC-RIN),Web treballar.upc.es,,obsolet,
by Category (KBTIC-RIN),Web UPC,Web UPC,.,
by Category (KBTIC-RIN),Web UPCnet,Web UPCnet,.,
by Category (KBTIC-RIN),Web_Edicions,,obsolet,
by Category (KBTIC-RIN),Web_Factorhuma,Web Factorhuma,.,
by Category (KBTIC-RIN),Web_iEMED,Web iEMED,.,
by Category (KBTIC-RIN),Web_innbox,Web Innbox,.,
by Category (KBTIC-RIN),webDAV - Accés a repositoris de fitxers (UPC/UPCnet) via web,Repositori UPC,.,
by Category (KBTIC-RIN),Windows 7,GET - Gestió d'Estacions de Treball,.,
by Category (KBTIC-RIN),Windows,GET - Gestió d'Estacions de Treball,.,
by Category (KBTIC-RIN),Wordpress,Wordpress,.,
by Category (KBTIC-RIN),X500,,obsolet,
by Category (KBTIC-RIN),Xarxa Troncal,Xarxa Troncal,.,
by Category (KBTIC-RIN),Xarxa,Xarxa Troncal,.,
by Category (KBTIC-RIN),Xarxes LAN,Xarxes LAN,.,
by Category (KBTIC-RIN),XSF DIBA,XSF DIBA,.,
by Category (KBTIC-RIN),XSF,XSF,.,
by Category (KBTIC-RIN),XSFUPC v2.0,XSF UPC v2.0,.,
by Category (KBTIC-RIN),Z - Informació obsoleta,,obsolet,
by Category (KBTIC-RIN),Zimbra,,obsolet,
Categories servei,Actualització de continguts en el Web UPC,Actualització de continguts en el Web UPC,,
Categories servei,ACUP - Doc6,,obsolet,
Categories servei,Address Book - PAB,Address Book - PAB Notes,,
Categories servei,Adminpack,Adminpack,,
Categories servei,Adquira,,obsolet,
Categories servei,Alumni UPC,Alumni UPC,.,
Categories servei,Antivirus,Antivirus,.,
Categories servei,ARI,ARI,.,
Categories servei,Atenció Immediata,Atenció Usuaris,.,
Categories servei,Atenció Usuaris,Atenció Usuaris,.,
Categories servei,Backups,Backups,.,
Categories servei,Bases de dades bibliogràfiques,,obsolet,
Categories servei,Bibliotècnica,Bibliotècnica,.,
Categories servei,Blackberry Enterprise Server,Blackberry,.,
Categories servei,Campus Digital - Atenea Mobil,Campus Digital - Atenea Mobil,.,
Categories servei,Campus Digital - Atenea1x1,Campus Digital - Atenea1x1,.,
Categories servei,Campus Digital - AteneaSaurus,Campus Digital - AteneaSaurus,.,
Categories servei,Campus Digital - Externs,Campus Digital - Externs,.,
Categories servei,Campus Digital - Moodle,Campus Digital - Moodle,.,
Categories servei,Campus Digital,Campus Digital,.,
Categories servei,Canal UPC TV,Canal UPC TV,.,
Categories servei,Canvis de contrasenya,Canvis de contrasenya,.,
Categories servei,Carnet UPC,Carnet UPC,.,
Categories servei,CAS - Central authentication service,CAS - Central authentication service,.,
Categories servei,Catàleg de les biblioteques de la UPC,,obsolet,
Categories servei,CCE,CCE,.,
Categories servei,Cerca d'adreces de correu en webs vulnerables a l'spam,,obsolet,
Categories servei,Cercador UPC,,obsolet,
Categories servei,Certificats,Certificats,.,
Categories servei,Clients Externs UPCnet,Clients Externs UPCnet,.,"Eva, són campus... els podem canviar de categoria?"
Categories servei,Cloud privat upc,Cloud privat upc,.,
Categories servei,CMSW,CMSW,.,
Categories servei,Col·laboratoris,Col·laboratoris,.,
Categories servei,Connexió Remota VNC,Connexió Remota VNC,.,
Categories servei,Correu Electrònic - Domino,Correu Electrònic - Domino,.,
Categories servei,Correu Electrònic - Nous Relays,Correu Electrònic - Relays,.,
Categories servei,Correu Electrònic - PL,Correu Electrònic - PL,.,
Categories servei,Correu Electrònic - Relays,Correu Electrònic - Relays,.,
Categories servei,Correu Electrònic,Correu Electrònic,.,
Categories servei,CSPT,CSPT,.,
Categories servei,Directori UPC,GI - Gestor d'Identitat,.,
Categories servei,Distribucio de Software,Distribucio de Software,.,
Categories servei,DNS,DNS,.,
Categories servei,DOCUMENTUM,DOCUMENTUM,.,
Categories servei,Domini UPCXXI,Domini UPCXXI,.,
Categories servei,Domino,Lotus Domino Notes,.,
Categories servei,Drac,Drac,.,
Categories servei,e-Desk Conferències web,e-Desk Conferències web,.,
Categories servei,e-enquestes,e-enquestes,.,
Categories servei,eAdministració,eAdministració,.,
Categories servei,Entitat de Registre,Entitat de Registre,.,
Categories servei,Envío de mensajes vía SMS,SMS,.,
Categories servei,EPI,EPI,.,
Categories servei,etpl,ETPL,.,
Categories servei,Evalwin,,obsolet,
Categories servei,FACIL,FACIL,.,
Categories servei,FAMA,Fama,.,
Categories servei,FENIX,FENIX,.,
Categories servei,Firewalls,Firewalls,.,
Categories servei,Gartner,Gartner,.,
Categories servei,gAUSS,GI - Gestió de la Identitat,.,
Categories servei,GCarnet,GI - Gestió de la Identitat,.,
Categories servei,gCFG,gCFG,.,
Categories servei,gCON,gCON,.,
Categories servei,gCOT,gCOT,.,
Categories servei,Generació de certificats especials,Certificats,.,
Categories servei,GenGrups,GenGrups,.,
Categories servei,GenWeb,GenWeb,.,
Categories servei,Gestionados,Firewalls,.,
Categories servei,Gestió d'eleccions,Gestió d'eleccions,.,
Categories servei,Gestió de garanties,Gestió de garanties,.,
Categories servei,Gestió Econòmica,Gestió Econòmica,.,
Categories servei,Gestor de serveis,Gestor de serveis,.,
Categories servei,GI - Gestor d'Identitat,GI - Gestió de la Identitat,.,
Categories servei,GRED,gRED,.,
Categories servei,GRED-UNED,,obsolet,
Categories servei,gSMS,gSMS,.,
Categories servei,Hosting Web,Hosting Web,.,
Categories servei,Hosting,Hosting,.,
Categories servei,HR-Access,HR-Access,.,
Categories servei,Identitat Digital,GI - Gestió de la Identitat,.,
Categories servei,IdP UPC,IdP UPC,.,
Categories servei,Intranet UPCnet,Intranet UPCnet,.,
Categories servei,Intranet,Intranet,.,
Categories servei,K2 estudiants,Correu Electrònic - PL,.,
Categories servei,K2 externs,Correu Electrònic - PL,.,
Categories servei,K2 UPCnet,Correu Electrònic - PL,.,
Categories servei,KATA,,obsolet,
Categories servei,LDAP UPC,LDAP,.,
Categories servei,LDAP,LDAP,.,
Categories servei,LDAP: OpenLdap,LDAP,.,
Categories servei,Liceu,,obsolet,
Categories servei,Linux,Linux,.,
Categories servei,Llistes de Distribució,Llistes de Distribució,.,
Categories servei,Majordomo,,obsolet,
Categories servei,Manteniment,Manteniment,.,
Categories servei,Matricula,Matricula,.,
Categories servei,MATUPC,,obsolet,
Categories servei,monCCD,monCCD,.,
Categories servei,Monitorització,Monitorització,.,
Categories servei,Monitorización,Monitorització,.,
Categories servei,Mysql,MySQL,.,
Categories servei,Navision,Navision,.,
Categories servei,Notes,Lotus Domino Notes,.,
Categories servei,OBSOLET,,obsolet,
Categories servei,Pidgin,Pidgin,.,
Categories servei,PLONE,Plone,.,
Categories servei,Practicum,,obsolet,
Categories servei,Presencia,Presència UPCnet,.,
Categories servei,Prisma Renove,PRISMA,.,
Categories servei,Prisma,PRISMA,.,
Categories servei,Progeny,,només esborrar categoria,
Categories servei,Projecte Davyd - Sala Juntes Master's,,obsolet,
Categories servei,Proxy,,obsolet,
Categories servei,Pàgines web personals,,obsolet,
Categories servei,Redes administradas por UPCnet,Xarxes LAN,.,
Categories servei,Reparacions i Petites Ampliacions de Cablat,Reparacions i Petites Ampliacions de Cablat,.,
Categories servei,Repositori PL UPCnet,Repositori PL UPCnet,.,
Categories servei,Resolució d'incidències,,només esborrar categoria,
Categories servei,Reus Educat,,obsolet,
Categories servei,Revisat,,obsolet,
Categories servei,Revisions Mèdiques,Revisions Mèdiques,.,
Categories servei,SAI: Servei d'Accés a Internet,,obsolet,
Categories servei,SAP,SAP,.,
Categories servei,Seguretat,Seguretat,.,
Categories servei,Servei de Correcció Òptica d'Exàmens de l'ICE,Correcció Òptica d'Exàmens de l'ICE,.,
Categories servei,Servidor TV per a la UPC,Canal UPC TV,.,
Categories servei,Servidors,,només esborrar categoria,
Categories servei,SIGMA,,obsolet,
Categories servei,SIrena,Sirena,.,
Categories servei,Spa,SPA,.,
Categories servei,SQLserver,SQL Server,.,
Categories servei,SSL,SSL,.,
Categories servei,Suport de 2n nivell,Atenció Usuaris,.,
Categories servei,Suport Tecnic Especialitzat,,obsolet,
Categories servei,Sympa,Llistes de Distribució,.,
Categories servei,Tarifes-Costos Directes,Tarifes,.,
Categories servei,Tarifes-Simulador de costos,Tarifes,.,
Categories servei,Telefonia,Telefonia,.,
Categories servei,Teletreball,Teletreball,.,
Categories servei,Televot,gPEU,.,
Categories servei,TOF,Títols Oficials,.,
Categories servei,TOTQ,TOTQ,.,
Categories servei,Traveler,Traveler,.,
Categories servei,Ts,Ts,.,
Categories servei,Ubuntu,Ubuntu,.,
Categories servei,UPCconnect,UPCconnect,.,
Categories servei,UPClink,UPClink,.,
Categories servei,videoconferencia,,obsolet,
Categories servei,Web UPC,Web UPC,.,
Categories servei,Web UPCnet,Web UPCnet,.,
Categories servei,Web_Edicions,,obsolet,
Categories servei,webDAV - Accés a repositoris de fitxers (UPC/UPCnet) via web,Repositori UPC,.,
Categories servei,Xarxa Troncal,Xarxa Troncal,.,
Categories servei,Xarxa,Xarxa Troncal,.,
Categories servei,XSF DIBA,XSF DIBA,.,
Categories servei,XSF,XSF,.,
Categories servei,Z - Informació obsoleta,,obsolet,